title,url
Acrylic teeth ,http://msds.kulzer.com/msds/MSDS1806_-_Akryltenner_Skallfasetter_(N)_3.pdf
Activator Universal Plus Liquid ,http://msds.kulzer.com/msds/MSDS41315_-_Activator_Universal_Plus_Liquid_(N)_4.pdf
Activator Universal Plus paste ,http://msds.kulzer.com/msds/MSDS41136_-_Activator_Universal_Plus_Paste_(N)_5.pdf
Adhesive liquid ,http://msds.kulzer.com/msds/MSDS40895_-_Adhesive_liquid_for_prefd_wax_parts_(N)_3.pdf
Agfa Dentus D  125ml ,http://msds.kulzer.com/msds/MSDS1441_-_Agfa_Dentus_D_125ml_(N)_2.pdf
Agfa Dentus D-1000   1L ,http://msds.kulzer.com/msds/MSDS1458_-_Agfa_Dentus_D-1000_1L_(N)_3.pdf
Agfa Dentus F  125ml ,http://msds.kulzer.com/msds/MSDS1469_-_Agfa_Dentus_F_125ml_(N)_3.pdf
Agfa Dentus F-1000  1L ,http://msds.kulzer.com/msds/MSDS40193_-_Agfa_Dentus_F-1000_1L_(N)_3.pdf
"Agfa Dentus M2 Comfort,RP6,Ortholux,Dup, E-Speed ","http://msds.kulzer.com/msds/MSDS1521_-_Agfa_Dentus_M2_Comfort,_Ortholux,_E-Speed_(N)_3.pdf"
"Agfa Dentus Ortho, Agfa Dentus Blue ","http://msds.kulzer.com/msds/MSDS1658_-_Agfa_Dentus_Ortho,_Agfa_Dentus_Blue_(N)_3.pdf"
Aislar ,http://msds.kulzer.com/msds/MSDS40515_-_Aislar_(N)_3.pdf
Alginoplast ,http://msds.kulzer.com/msds/MSDS1659_-_Alginoplast_(N)_5.pdf
Attachment bond base ,http://msds.kulzer.com/msds/MSDS805_-_Attachment_bond_base_(N)_3.pdf
Attachment bond cat ,http://msds.kulzer.com/msds/MSDS804_-_Attachment_bond_cat_(N)_3.pdf
Blasting beads ,http://msds.kulzer.com/msds/MSDS1535_-_Blasting_beads_(N)_3.pdf
Blendgold new ,http://msds.kulzer.com/msds/MSDS1480_-_Blendgold_New_(N)_3.pdf
Blendgold Special ,http://msds.kulzer.com/msds/MSDS40540_-_Blendgold_Special_(N)_3.pdf
Block-out material ,http://msds.kulzer.com/msds/MSDS1845_-_Block-out_material_(N)_3.pdf
Blocset liquid ,http://msds.kulzer.com/msds/MSDS87_-_Blocset_liquid_(N)_3.pdf
Blocset paste ,http://msds.kulzer.com/msds/MSDS44_-_Blocset_paste_(N)_3.pdf
Cara A - intensiv ,http://msds.kulzer.com/msds/MSDS40386_-_Cara_A_-_intensiv_(N)_3.pdf
cara CoCr SLM ,http://msds.kulzer.com/msds/MSDS40500_-_cara_CoCr_SLM_(N)_3.pdf
cara Zr transluzent ,http://msds.kulzer.com/msds/MSDS40531_-_cara_Zr_translucent_(N)_3.pdf
Cara ZrO2 B light ,http://msds.kulzer.com/msds/MSDS40387_-_Cara_ZrO2_B_light_(N)_3.pdf
Cara ZrO2 white ,http://msds.kulzer.com/msds/MSDS40348_-_Cara_ZrO2_white_(N)_3.pdf
Carboxylate Cement Liquid ,http://msds.kulzer.com/msds/MSDS1698_-_Carboxylate_Cement_Liquid_(N)_3.pdf
Carboxylate Cement Powder ,http://msds.kulzer.com/msds/MSDS1701_-_Carboxylate_Cement_Powder_(N)_3.pdf
Casting Rings ,http://msds.kulzer.com/msds/MSDS1943_-_Casting_ring_liner_(N)_3.pdf
Charisma ,http://msds.kulzer.com/msds/MSDS40791_-_Charisma_(N)_4.pdf
Charisma ABC ,http://msds.kulzer.com/msds/MSDS40865_-_Charisma_ABC_(N)_3.pdf
Charisma flow ,http://msds.kulzer.com/msds/MSDS2188_-_Charisma_flow_(N)_3.pdf
CoCr fräs ,http://msds.kulzer.com/msds/MSDS40652_-_cara_CoCr_milled_(N)_3.pdf
Dentalon plus liquid ,http://msds.kulzer.com/msds/MSDS103_-_Dentalon_plus_v%C3%A6ske_(N)_4.pdf
Dentalon plus powder ,http://msds.kulzer.com/msds/MSDS486_-_Dentalon_plus_pulver_(N)_3.pdf
dima Mill Wax ,"http://msds.kulzer.com/msds/MSDS40950_-_dima_mill_Wax_(blue,_green,_grey)_(N)_2.pdf"
dima print Cast ,http://msds.kulzer.com/msds/MSDS40937_-_dima_print_Cast_(N)_1.pdf
dima Print Gingiva Mask ,http://msds.kulzer.com/msds/MSDS41234_-_dima_Print_Gingiva_Mask_(N)_1.pdf
"dima Print Impression blue, dima Print Guide ","http://msds.kulzer.com/msds/MSDS40948_-_dima_Print_Impression_blue,_dima_Print_Guide_(N)_1.pdf"
dima Print Model ,http://msds.kulzer.com/msds/MSDS41005_-_dima_Print_Model_(N)_1.pdf
dima Print Ortho ,http://msds.kulzer.com/msds/MSDS40936_-_dima_Print_Ortho_(N)_1.pdf
dima Print Splint clear ,http://msds.kulzer.com/msds/MSDS41139_-_dima_Print_Splint_clear_(N)_1.pdf
dima Print Stone beige ,http://msds.kulzer.com/msds/MSDS41094_-_dima_Print_Stone_beige_(N)_1.pdf
dima Print Stone teal ,http://msds.kulzer.com/msds/MSDS41222_-_dima_Print_Stone_teal_(N)_1.pdf
Durafill VS ,http://msds.kulzer.com/msds/MSDS357_-_Durafill_VS_(N)_2.pdf
Flexitime (base + cat) ,http://msds.kulzer.com/msds/MSDS1879_-_Flexitime_(base_+_cat)_(N)_3.pdf
FLEXITIME BITE     BASE ,http://msds.kulzer.com/msds/MSDS41238_-_Flexitime_Bite_Base_(N)_4.pdf
FLEXITIME BITE   CAT ,http://msds.kulzer.com/msds/MSDS41239_-_Flexitime_Bite_Cat_(N)_4.pdf
Flexitime Correct Flow base ,http://msds.kulzer.com/msds/MSDS41247_-_Flexitime_Correct_Flow_Base_(1_1)_(N)_4.pdf
Flexitime Correct Flow cat ,http://msds.kulzer.com/msds/MSDS41246_-_Flexitime_Correct_Flow_Cat_(1_1)_(N)_4.pdf
Flexitime Dynamix heavy tray base ,http://msds.kulzer.com/msds/MSDS41324_-_Flexitime_Dynamix_Heavy_Tray_Base_(5_1)_(N)_4.pdf
Flexitime Dynamix heavy tray cat ,http://msds.kulzer.com/msds/MSDS41323_-_Flexitime_Dynamix_Heavy_Tray_CAT_(5_1)_(N)_4.pdf
"Flexitime Dynamix Monophase base (5:1) , Flexitime Dynamix Monophase Pro Scan (5:1) base ","http://msds.kulzer.com/msds/MSDS41326_-_Flexitime_Dynamix_Monophase_Base_(5_1),_(N)_4.pdf"
"Flexitime Dynamix Monophase cat  (5:1), Flexitime Dynamix Monophase Pro Scan (5:1) cat ","http://msds.kulzer.com/msds/MSDS41325_-_Flexitime_Dynamix_Monophase_Cat_(5_1),_(N)_4.pdf"
Flexitime easy Putty base,"http://msds.kulzer.com/msds/MSDS41322_-_Flexitime_Easy_Putty_Base_(1_1),_Flexitime_(N)_4.pdf"
Flexitime easy Putty cat ,"http://msds.kulzer.com/msds/MSDS2462_-_Flexitime_Easy_Putty_Cat_(1_1),_Flexitime_(N)_4.pdf"
Flexitime Fast & Scan Dynamix Heavy Tray Base (5:1) ,http://msds.kulzer.com/msds/MSDS40489_-_Flexitime_Fast_&_Scan_Dynamix_Heavy_Tray_Base_(N)_4.pdf
Flexitime Fast & Scan Dynamix Heavy Tray Cat (5:1) ,http://msds.kulzer.com/msds/MSDS40490_-_Flexitime_Fast_&_Scan_Dynamix_Heavy_Tray_Cat_(N)_4.pdf
"Flexitime Fast & Scan Easy Putty  base (1:1), Flexitime Fast & Scan Dynamix Putty 2 Base (5:1) ","http://msds.kulzer.com/msds/MSDS40772_-_Flexitime_Fast_&_Scan_Easy_Putty_Base_(1_1),_(N)_4.pdf"
"Flexitime Fast & Scan Easy Putty  Cat (1:1), Flexitime Fast & Scan Dynamix Putty 2 Cat (5:1) ","http://msds.kulzer.com/msds/MSDS40773_-_Flexitime_Fast_&_Scan_Easy_Putty_Cat_(1_1),_(N)_4.pdf"
Flexitime Fast & Scan Heavy Tray Base (1:1) ,http://msds.kulzer.com/msds/MSDS40810_-_Flexitime_Fast_&_Scan_Heavy_Tray_Base_(1_1)_(N)_4.pdf
Flexitime Fast & Scan Heavy Tray Cat (1:1) ,http://msds.kulzer.com/msds/MSDS40811_-_Flexitime_Fast_&_Scan_Heavy_Tray_Cat_(1_1)_(N)_4.pdf
"Flexitime Fast & Scan Medium flow Cat (1:1), Flexitime Fast & Scan Light flow Cat (1:1) ","http://msds.kulzer.com/msds/MSDS40443_-_Flexitime_Fast_&_Scan_Light_Flow_Cat_(1_1),_(N)_4.pdf"
"Flexitime Fast & Scan Medum flow base (1:1), Flexitime Fast & Scan Light flow  base (1:1) ","http://msds.kulzer.com/msds/MSDS40442_-_Flexitime_Fast_&_Scan_Light_Flow_Base_(1_1),_(N)_4.pdf"
"Flexitime Fast&Scan Easy Putty, Dynamix ","http://msds.kulzer.com/msds/MSDS40819_-_Flexitime_Fast_Scan_Easy_Putty,_Dynamix_(N)_3.pdf"
Flexitime Heavy Tray Base (1:1) ,http://msds.kulzer.com/msds/MSDS41241_-_Flexitime_Heavy_Tray_Base_(5_1)_(N)_4.pdf
Flexitime Heavy Tray Cat (1:1) ,http://msds.kulzer.com/msds/MSDS41240_-_Flexitime_Heavy_Tray_Cat_(1_1)_(N)_4.pdf
Flexitime light flow base,"http://msds.kulzer.com/msds/MSDS41245_-_Flexitime_Light_Flow_Base_(1_1),_Flexitime_(N)_4.pdf"
Flexitime light flow cat,"http://msds.kulzer.com/msds/MSDS41244_-_Flexitime_Light_Flow_Cat_(1_1),_Flexitime_(N)_4.pdf"
Flexitime Mono Phase Base (1:1) ,http://msds.kulzer.com/msds/MSDS41252_-_Flexitime_Mono_Phase_Base_(1_1)_(N)_4.pdf
Flexitime Mono Phase Cat (1:1) ,http://msds.kulzer.com/msds/MSDS41248_-_Flexitime_Mono_Phase_Cat_(1_1)_(N)_4.pdf
Flowline ,http://msds.kulzer.com/msds/MSDS121_-_Flowline_(N)_3.pdf
GLUMA Desensitizer ,http://msds.kulzer.com/msds/MSDS1750_-_Gluma_Desensitizer_(N)_3.pdf
GLUMA Desensitizer PowerGel ,http://msds.kulzer.com/msds/MSDS40399_-_Gluma_Desensitizer_PowerGel_(N)_4.pdf
GLUMA Solid Bond P ,http://msds.kulzer.com/msds/MSDS1234_-_Gluma_Solid_Bond_P_(N)_3.pdf
GLUMA Solid Bond S ,http://msds.kulzer.com/msds/MSDS1235_-_Gluma_Solid_Bond_S_(N)_3.pdf
Graphite O-rings ,http://msds.kulzer.com/msds/MSDS2004_-_Graphite_O-rings_(N)_3.pdf
Hera AB 99 ,http://msds.kulzer.com/msds/MSDS1464_-_Hera_AB_99_(N)_2.pdf
Hera AM 99 ,http://msds.kulzer.com/msds/MSDS1466_-_Hera_AM_99_(N)_3.pdf
Hera GPP 97 ,http://msds.kulzer.com/msds/MSDS1756_-_Hera_GPP_99_(N)_3.pdf
Hera ISKS 99 ,http://msds.kulzer.com/msds/MSDS316_-_Hera_ISKS_99_(N)_3.pdf
Hera SLP 99 ,http://msds.kulzer.com/msds/MSDS1462_-_Hera_SLP_99_(N)_3.pdf
Hera SP 99 ,http://msds.kulzer.com/msds/MSDS1463_-_Hera_SP_99_(N)_3.pdf
Hera SWE 2000 ,http://msds.kulzer.com/msds/MSDS40674_-_Hera_SWE_2000_(N)_3.pdf
Hera UL 99 ,http://msds.kulzer.com/msds/MSDS40831_-_Hera_UL_99_(N)_3.pdf
HeraCeram ,"http://msds.kulzer.com/msds/MSDS1180_-_HeraCeram,_HeraCeramSun,_HeraCeram_Zirkonia_(N)_3.pdf"
HeraCeram Glaze ,http://msds.kulzer.com/msds/MSDS2051_-_HeraCeram_Glaze_(N)_4.pdf
HeraCeram Isolierung F ,http://msds.kulzer.com/msds/MSDS40764_-_HeraCeram_Isolierung_F_(N)_3.pdf
HeraCeram LiSi2 ,http://msds.kulzer.com/msds/MSDS40718_-_HeraCeram_LiSi2_(N)_4.pdf
HeraCeram Margin Liquid SM ,http://msds.kulzer.com/msds/MSDS1987_-_HeraCeram_Margin_Liquid_SM_(N)_3.pdf
HeraCeram modeling liquid ,http://msds.kulzer.com/msds/MSDS1989_-_HeraCeram_modeling_liquid_(N)_3.pdf
HeraCeram opaque liquid ,http://msds.kulzer.com/msds/MSDS1985_-_HeraCeram_Opakvaeske_(N)_3.pdf
HeraCeram Pastenopakerliquid ,http://msds.kulzer.com/msds/MSDS40655_-_HeraCeram_Pastenopakerliquid_(N)_4.pdf
HeraCeram Saphir ,http://msds.kulzer.com/msds/MSDS41065_-_HeraCeram_Saphir_(N)_1.pdf
HeraCeram stain fluid ,http://msds.kulzer.com/msds/MSDS40264_-_HeraCeram_Malefargefluid_(N)_3.pdf
HeraCeram Stains Universal ,http://msds.kulzer.com/msds/MSDS40719_-_HeraCeram_Stains_Universal_(N)_4.pdf
HeraCeram Universal SLU Liquid ,http://msds.kulzer.com/msds/MSDS40787_-_HeraCeram_Universal_SLU_Liquid_(N)_3.pdf
HeraCeram Zirkonia 750 ,http://msds.kulzer.com/msds/MSDS40826_-_HeraCeram_Zirkonia_750_(N)_3.pdf
"HeraCeram Zirkonia Liner, ... Zr-Adhesive ","http://msds.kulzer.com/msds/MSDS2374_-_HeraCeram_Zirkonia_Liner,_HeraCeram_Zirkonia_(N)_4.pdf"
"HeraCeram, HeraCeramSun paste opaque ","http://msds.kulzer.com/msds/MSDS1988_-_HeraCeram,_HeraCeramSun_Pasteopak_(N)_4.pdf"
"HeraCeramPress, HeraSunPress ","http://msds.kulzer.com/msds/MSDS2049_-_HeraCeramPress,_HeraSunPress_(N)_3.pdf"
"HeraCeramPress, HeraSunPress Adhesive ","http://msds.kulzer.com/msds/MSDS2050_-_HeraCeramPress,_HeraSunPress_Adhesive_(N)_3.pdf"
"Heraenium Laser,CE,EH,NF + laser welding wire ","http://msds.kulzer.com/msds/MSDS1472_-_Heraenium_Laser,CE,EH,NF_+Laser_welding_wire_(N)_3.pdf"
Heraenium NA Heraenium S ,http://msds.kulzer.com/msds/MSDS1471_-_Heraenium_NA_Heraenium_S_(N)_3.pdf
Heraenium P ,http://msds.kulzer.com/msds/MSDS1872_-_Heraenium_P_(N)_3.pdf
Heraenium P solder 1 ,http://msds.kulzer.com/msds/MSDS626_-_Heraenium_P_solder_1_(N)_3.pdf
Heraenium Pw ,http://msds.kulzer.com/msds/MSDS40140_-_Heraenium_Pw_(N)_3.pdf
Heraenium Sun ,http://msds.kulzer.com/msds/MSDS40141_-_Heraenium_Sun_(N)_3.pdf
Heraenium Sun Lot 1 ,http://msds.kulzer.com/msds/MSDS40266_-_Heraenium_Sun_solder_1_(N)_3.pdf
"Heraform, Heraform RS (Components A + B) ","http://msds.kulzer.com/msds/MSDS1470_-_Heraform,_Heraform_RS_(komponenter_A_+_B)_(N)_3.pdf"
Herapol ,http://msds.kulzer.com/msds/MSDS1459_-_Herapol_(N)_2.pdf
Heravest ,http://msds.kulzer.com/msds/MSDS40844_-_Heravest_(N)_3.pdf
Heravest L ,http://msds.kulzer.com/msds/MSDS1544_-_Heravest_L_(N)_3.pdf
iBOND Ceramic Primer ,http://msds.kulzer.com/msds/MSDS40821_-_iBOND_Ceramic_Primer_(N)_3.pdf
iBOND Etch 35 Fluid ,http://msds.kulzer.com/msds/MSDS40396_-_iBOND_Etch_35_Fluid_(N)_2.pdf
iBOND Etch 35 Gel ,http://msds.kulzer.com/msds/MSDS40395_-_iBOND_Etch_35_Gel_(N)_3.pdf
iBOND Self Etch ,http://msds.kulzer.com/msds/MSDS40149_-_iBond_Self_Etch_(N)_3.pdf
iBOND Total Etch ,http://msds.kulzer.com/msds/MSDS40346_-_iBOND_Total_Etch_(N)_3.pdf
iBOND Universal ,http://msds.kulzer.com/msds/MSDS40784_-_iBond_Universal_(N)_3.pdf
iCEM Self Adhesive ,http://msds.kulzer.com/msds/MSDS40285_-_iCEM_Self_Adhesive_(N)_3.pdf
Investment BS Liquid for Heravest ,http://msds.kulzer.com/msds/MSDS1450_-_Investment_BS_Liquid_for_Heravest_investments_(N)_3.pdf
Investment BS Liquid for Heravest investments ,http://msds.kulzer.com/msds/MSDS2053_-_Investment_BS_Liquid_for_MOLDAVEST_investm_(N)_3.pdf
Levogel ,http://msds.kulzer.com/msds/MSDS634_-_Levogel_(N)_3.pdf
Levotherm Liquid ,http://msds.kulzer.com/msds/MSDS1808_-_Levotherm_v%C3%A6ske_(N)_3.pdf
Levotherm Powder ,http://msds.kulzer.com/msds/MSDS40847_-_Levotherm_pulver_(N)_3.pdf
Meliodent Heat Cure Liquid ,http://msds.kulzer.com/msds/MSDS1571_-_Meliodent_Heat_Cure_Liquid_(N)_3.pdf
Meliodent Heat Cure Powder ,http://msds.kulzer.com/msds/MSDS1567_-_Meliodent_Heat_Cure_Powder_(N)_3.pdf
Meliodent Orthodontic Liquid ,http://msds.kulzer.com/msds/MSDS1573_-_Meliodent_Orthodontic_Liquid_(N)_3.pdf
Meliodent Orthodontic Powder ,http://msds.kulzer.com/msds/MSDS1638_-_Meliodent_Orthodontic_Powder_(N)_3.pdf
Meliodent Rapid Repair Liquid ,http://msds.kulzer.com/msds/MSDS1572_-_Meliodent_Rapid_Repair_Liquid_(N)_3.pdf
Meliodent Rapid Repair Powder ,http://msds.kulzer.com/msds/MSDS1637_-_Meliodent_Rapid_Repair_Powder_(N)_3.pdf
Meliosep ,http://msds.kulzer.com/msds/MSDS40538_-_Meliosep_(N)_3.pdf
Memoreg 2 base ,http://msds.kulzer.com/msds/MSDS41237_-_Memoreg_2_Base_(N)_4.pdf
Memoreg 2 cat ,http://msds.kulzer.com/msds/MSDS2448_-_Memoreg_2_Cat_(N)_4.pdf
Memosil 2 base ,http://msds.kulzer.com/msds/MSDS41200_-_Memosil_2_Base_(N)_4.pdf
Memosil 2 cat ,http://msds.kulzer.com/msds/MSDS41201_-_Memosil_2_Cat_(N)_4.pdf
Molda ,http://msds.kulzer.com/msds/MSDS1767_-_Molda_(N)_3.pdf
MOLDAVEST ,http://msds.kulzer.com/msds/MSDS40849_-_MOLDAVEST_(N)_3.pdf
Neo Duroterm 5 ,http://msds.kulzer.com/msds/MSDS40848_-_Neo_Duroterm_7_(N)_3.pdf
NP-Primer ,http://msds.kulzer.com/msds/MSDS40486_-_NP-Primer_(N)_3.pdf
OCTA ,http://msds.kulzer.com/msds/MSDS1752_-_OCTA_(N)_3.pdf
Optosil Comfort ,http://msds.kulzer.com/msds/MSDS1885_-_Optosil_Comfort_(N)_3.pdf
Optosil P Plus ,http://msds.kulzer.com/msds/MSDS645_-_Optosil_P_Plus_(N)_3.pdf
PALA cre-active ,http://msds.kulzer.com/msds/MSDS40593_-_PALA_cre-active_(N)_3.pdf
PALA cre-active Gingiva ,http://msds.kulzer.com/msds/MSDS40615_-_PALA_cre-active_Gingiva_(N)_3.pdf
Pala Lab Putty 65 Base ,http://msds.kulzer.com/msds/MSDS40839_-_Pala_Lab_Putty_65_Base_(N)_3.pdf
Pala Lab Putty 65 Cat ,http://msds.kulzer.com/msds/MSDS40840_-_Pala_Lab_Putty_65_Cat_(N)_3.pdf
Pala Lab Putty 90 Base ,http://msds.kulzer.com/msds/MSDS40841_-_Pala_Lab_Putty_90_Base_(N)_3.pdf
Pala Lab Putty 90 Cat ,http://msds.kulzer.com/msds/MSDS40842_-_Pala_Lab_Putty_90_Cat_(N)_3.pdf
Pala Polish ,http://msds.kulzer.com/msds/MSDS40954_-_Pala_Polish_(N)_1.pdf
Palabond ,http://msds.kulzer.com/msds/MSDS251_-_Palabond_(N)_3.pdf
Palaclean ,http://msds.kulzer.com/msds/MSDS40654_-_Palaclean_(N)_3.pdf
Paladent 20 liquid ,http://msds.kulzer.com/msds/MSDS252_-_Paladent_20_v%C3%A6ske_(N)_3.pdf
Paladent 20 powder ,http://msds.kulzer.com/msds/MSDS479_-_Paladent_20_pulver_(N)_3.pdf
Paladon 65 liquid ,http://msds.kulzer.com/msds/MSDS1_-_Paladon_65_v%C3%A6ske_(N)_3.pdf
Paladon 65 powder ,http://msds.kulzer.com/msds/MSDS480_-_Paladon_65_pulver_(N)_3.pdf
Paladur liquid ,http://msds.kulzer.com/msds/MSDS18_-_Paladur_v%C3%A6ske_(N)_3.pdf
Paladur Powder ,http://msds.kulzer.com/msds/MSDS40894_-_Paladur_powder_(N)_3.pdf
Palaferm insulation ,http://msds.kulzer.com/msds/MSDS291_-_Palaferm_insulation_(N)_3.pdf
Palapress liquid ,http://msds.kulzer.com/msds/MSDS309_-_Palapress_v%C3%A6ske_(N)_3.pdf
Palapress powder ,http://msds.kulzer.com/msds/MSDS483_-_Palapress_pulver_(N)_3.pdf
Palapress vario Liquid ,http://msds.kulzer.com/msds/MSDS2_-_Palapress_vario_v%C3%A6ske_(N)_3.pdf
Palapress vario powder ,http://msds.kulzer.com/msds/MSDS484_-_Palapress_vario_pulver_(N)_3.pdf
Palaseal ,http://msds.kulzer.com/msds/MSDS325_-_Palaseal_(N)_3.pdf
Palatray XL ,http://msds.kulzer.com/msds/MSDS1575_-_Palatray_XL_(N)_3.pdf
PalaVeneer Dentine liquid ,http://msds.kulzer.com/msds/MSDS40827_-_PalaVeneer_Dentine_vaeske_(N)_3.pdf
PalaVeneer Dentine powder ,http://msds.kulzer.com/msds/MSDS40828_-_PalaVeneer_Dentine_pulver_(N)_3.pdf
Palavit 55 VS liquid ,http://msds.kulzer.com/msds/MSDS340_-_Palavit_55_VS_v%C3%A6ske_(N)_3.pdf
Palavit 55 VS powder ,http://msds.kulzer.com/msds/MSDS489_-_Palavit_55_VS_pulver_(N)_3.pdf
Palavit G Liquid ,http://msds.kulzer.com/msds/MSDS40675_-_Palavit_G_Liquid_(N)_3.pdf
Palavit G powder ,http://msds.kulzer.com/msds/MSDS41020_-_Palavit_G_Powder_(N)_4.pdf
Palavit L liquid ,http://msds.kulzer.com/msds/MSDS350_-_Palavit_L_v%C3%A6ske_(N)_3.pdf
Palavit L powder ,http://msds.kulzer.com/msds/MSDS41021_-_Palavit_L_Powder_(N)_4.pdf
Palavit M Liquid ,http://msds.kulzer.com/msds/MSDS40676_-_Palavit_M_Liquid_(N)_3.pdf
Palavit M Powder ,http://msds.kulzer.com/msds/MSDS41022_-_Palavit_M_Powder_(N)_4.pdf
PalaXpress liquid ,http://msds.kulzer.com/msds/MSDS994_-_PalaXpress_v%C3%A6ske_(N)_3.pdf
PalaXpress powder ,http://msds.kulzer.com/msds/MSDS968_-_PalaXpress_pulver_(N)_3.pdf
PalaXpress ultra liquid ,http://msds.kulzer.com/msds/MSDS40197_-_PalaXpress_ultra_liquid_(N)_3.pdf
PalaXpress ultra Powder ,http://msds.kulzer.com/msds/MSDS40413_-_PalaXpress_ultra_Pulver_(N)_3.pdf
PalaXtreme Liquid ,http://msds.kulzer.com/msds/MSDS40916_-_PalaXtreme_Liquid_(N)_1.pdf
PalaXtreme Powder ,http://msds.kulzer.com/msds/MSDS40917_-_PalaXtreme_Powder_(N)_1.pdf
Pekatray Liquid ,http://msds.kulzer.com/msds/MSDS1802_-_Pekatray_v%C3%A6ske_(N)_3.pdf
Pekatray Powder ,http://msds.kulzer.com/msds/MSDS1801_-_Pekatray_pulver_(N)_3.pdf
Phosphate Cement liquid ,http://msds.kulzer.com/msds/MSDS1886_-_Phosphate_Cement_liquid_(N)_2.pdf
Phosphate Cement powder ,http://msds.kulzer.com/msds/MSDS1887_-_Phosphate_Cement_powder_(N)_3.pdf
PMMA prov. ,http://msds.kulzer.com/msds/MSDS40379_-_PMMA_prov_(N)_3.pdf
Preciano Bio Gold Solution universal ,http://msds.kulzer.com/msds/MSDS40250_-_Preciano_Bio_Gold_Solution_universal_(N)_3.pdf
Preciano Brush Cleaner ,http://msds.kulzer.com/msds/MSDS1444_-_Preciano_brush_cleaner_(N)_3.pdf
Preciano Cleaner Airbrush - Set ,http://msds.kulzer.com/msds/MSDS40268_-_Preciano_Cleaner_Airbrush_-_Set_(N)_3.pdf
Preciano conductive silver lacquer airbrush ,http://msds.kulzer.com/msds/MSDS40269_-_Preciano_conductive_silver_lacquer_airbrush_(N)_3.pdf
Preciano conductive silver varnish TK ,http://msds.kulzer.com/msds/MSDS2379_-_Preciano_S%C3%B8lv_Ledelakk_TK_(N)_3.pdf
Preciano electrode cleaner ,http://msds.kulzer.com/msds/MSDS1476_-_Preciano_Elektroderens_(N)_3.pdf
Preciano Plaster hardening agent ,http://msds.kulzer.com/msds/MSDS1757_-_Preciano_Plaster_hardening_agent_(N)_3.pdf
Preciano remover for conduct. silver lacquer ,http://msds.kulzer.com/msds/MSDS1445_-_Preciano_Avfetting_for_S%C3%B8lvlack_(N)_3.pdf
Prepon ,http://msds.kulzer.com/msds/MSDS1766_-_Prepon_(N)_3.pdf
PreVISION CB ,http://msds.kulzer.com/msds/MSDS1878_-_PreVISION_CB_(N)_3.pdf
PreVISION Temp ,http://msds.kulzer.com/msds/MSDS40651_-_PreVISION_Temp_(N)_3.pdf
Provil novo (base + cat) ,http://msds.kulzer.com/msds/MSDS1888_-_Provil_novo_(base_+_cat)_(N)_3.pdf
Sandblasting material ,http://msds.kulzer.com/msds/MSDS1534_-_Sandblasting_material_(N)_3.pdf
Sandblasting material M ,http://msds.kulzer.com/msds/MSDS1481_-_Sandblasting_material_M_(N)_3.pdf
Scanspray ,http://msds.kulzer.com/msds/MSDS40378_-_Scanspray_(N)_3.pdf
Signum ceramic bond I ,http://msds.kulzer.com/msds/MSDS40383_-_Signum_ceramic_bond_I_(N)_3.pdf
Signum ceramic bond II ,http://msds.kulzer.com/msds/MSDS40382_-_Signum_ceramic_bond_II_(N)_4.pdf
Signum Ceramis ,http://msds.kulzer.com/msds/MSDS40623_-_Signum_ceramis_(N)_4.pdf
Signum composite ,http://msds.kulzer.com/msds/MSDS1699_-_Signum_composite_(N)_3.pdf
Signum Composite flow ,http://msds.kulzer.com/msds/MSDS40539_-_Signum_Composite_flow_(N)_3.pdf
Signum connector ,http://msds.kulzer.com/msds/MSDS1641_-_Signum_connector_(N)_4.pdf
Signum cre-active ,http://msds.kulzer.com/msds/MSDS1642_-_Signum_cre-active_(N)_4.pdf
Signum HP diamond ,http://msds.kulzer.com/msds/MSDS40522_-_Signum_HP_diamond_(N)_3.pdf
Signum HP paste ,http://msds.kulzer.com/msds/MSDS1362_-_Signum_HP_paste_(N)_3.pdf
Signum insulating gel ,http://msds.kulzer.com/msds/MSDS476_-_Signum_Insulating_Gel_(N)_2.pdf
Signum insulating pen I ,http://msds.kulzer.com/msds/MSDS40833_-_Signum_Insulating_Pen_I_(N)_3.pdf
Signum Insulating pen II ,http://msds.kulzer.com/msds/MSDS40843_-_Signum_Insulating_pen_II_(N)_4.pdf
Signum liquid ,http://msds.kulzer.com/msds/MSDS1643_-_Signum_liquid_(N)_4.pdf
Signum matrix ,http://msds.kulzer.com/msds/MSDS2357_-_Signum_matrix_(N)_3.pdf
Signum matrix value ,http://msds.kulzer.com/msds/MSDS40473_-_Signum_matrix_value_(N)_3.pdf
Signum metal bond I ,http://msds.kulzer.com/msds/MSDS40212_-_Signum_metal_bond_I_(N)_3.pdf
Signum metal bond II ,http://msds.kulzer.com/msds/MSDS40213_-_Signum_metal_bond_II_(N)_4.pdf
Signum opaque F ,http://msds.kulzer.com/msds/MSDS1759_-_Signum_opaque_F_(N)_4.pdf
Signum zirconia bond I ,http://msds.kulzer.com/msds/MSDS40312_-_Signum_zirconia_bond_I_(N)_3.pdf
Signum zirconia bond II ,http://msds.kulzer.com/msds/MSDS40316_-_Signum_zirconia_bond_II_(N)_4.pdf
Solitaire 2 ,http://msds.kulzer.com/msds/MSDS1280_-_Solitaire_2_(N)_3.pdf
Thread securing agent ,http://msds.kulzer.com/msds/MSDS1700_-_Thread_securing_agent_(N)_3.pdf
Training metal ,http://msds.kulzer.com/msds/MSDS1964_-_Training_metal_(N)_3.pdf
Universal Adhesive - Silikon ,http://msds.kulzer.com/msds/MSDS40999_-_Universal_Adhesive_(N)_3.pdf
Venus ,http://msds.kulzer.com/msds/MSDS2220_-_Venus_(N)_3.pdf
Venus Bulk Fill ,http://msds.kulzer.com/msds/MSDS40459_-_Venus_Bulk_Fill_(N)_3.pdf
Venus Color ,http://msds.kulzer.com/msds/MSDS40566_-_Venus_Color_(N)_2.pdf
Venus Diamond ,http://msds.kulzer.com/msds/MSDS40066_-_Venus_Diamond_(N)_4.pdf
Venus Diamond Flow ,http://msds.kulzer.com/msds/MSDS40356_-_VENUS_Diamond_flow_(N)_3.pdf
Venus Flow ,http://msds.kulzer.com/msds/MSDS2189_-_Venus_flow_(N)_3.pdf
Venus Pearl ,http://msds.kulzer.com/msds/MSDS40519_-_VENUS_Pearl_(N)_4.pdf
"Xantalgin select, Xantalgin crono ","http://msds.kulzer.com/msds/MSDS633_-_Xantalgin_select,_Xantalgin_crono_(N)_3.pdf"
"Xantasil Base 1:1, Xantasil Dynamix Base 5:1 ","http://msds.kulzer.com/msds/MSDS40552_-_Xantasil_Base_1_1,_Xantasil_Dynamix_Base_5_1_(N)_4.pdf"
"Xantasil Cat. 1:1, Xantasil Dynamix Cat. 5:1 ","http://msds.kulzer.com/msds/MSDS40555_-_Xantasil_Cat_1_1,_Xantasil_Dynamix_Cat_5_1_(N)_4.pdf"
Xantopren Comfort Activator ,http://msds.kulzer.com/msds/MSDS40317_-_Xantopren_Comfort_Activator_(N)_4.pdf
"Xantopren Comfort Light, Xantopren Comfort Medium ","http://msds.kulzer.com/msds/MSDS41268_-_Xantopren_Comfort_Light,_Xantopren_Comfort_(N)_4.pdf"
Xantopren function Activator 1 Plus ,http://msds.kulzer.com/msds/MSDS40329_-_Xantopren_function_Activator_1_Plus_(N)_3.pdf
Xantopren function Activator 1 Plus ,http://msds.kulzer.com/msds/MSDS40329_-_Xantopren_function_Hardener_1_Plus_(N)_4.pdf
Xantopren function Activator 2 Plus ,http://msds.kulzer.com/msds/MSDS40330_-_Xantopren_function_Activator_2_Plus_(N)_3.pdf
Xantopren function Activator 2 Plus ,http://msds.kulzer.com/msds/MSDS40330_-_Xantopren_function_Hardener_2_Plus_(N)_4.pdf
Xantopren Function base ,http://msds.kulzer.com/msds/MSDS41279_-_Xantopren_Function_base_(N)_4.pdf
Xantopren H green ,http://msds.kulzer.com/msds/MSDS40274_-_Xantopren_H_green_(N)_4.pdf
"Xantopren L blue, Xantopren VL Plus ","http://msds.kulzer.com/msds/MSDS40273_-_Xantopren_L_blue,_Xantopren_VL_Plus_(N)_4.pdf"
Xantopren M mucosa ,http://msds.kulzer.com/msds/MSDS41266_-_Xantopren_M_mucosa_(N)_4.pdf
